date,department,patient_demand,available_capacity,appointments,walk_ins,referrals,average_wait_time
2026-04-01,Cardiology,47,50,28,19,3,20.74
2026-04-01,General Medicine,73,70,44,29,5,20.15
2026-04-01,Orthopedics,48,45,29,19,5,19.92
2026-04-01,Pediatrics,53,55,32,21,3,17.88
2026-04-01,Dermatology,36,40,22,14,0,12.83
2026-04-02,Cardiology,42,50,25,17,1,17.74
2026-04-02,General Medicine,60,70,36,24,2,21.54
2026-04-02,Orthopedics,39,45,23,16,3,13.06
2026-04-02,Pediatrics,47,55,28,19,4,13.64
2026-04-02,Dermatology,37,40,22,15,2,17.62
2026-04-03,Cardiology,42,50,25,17,7,16.76
2026-04-03,General Medicine,60,70,36,24,6,13.48
2026-04-03,Orthopedics,41,45,25,16,0,14.24
2026-04-03,Pediatrics,51,55,31,20,6,19.06
2026-04-03,Dermatology,34,40,20,14,2,12.56
2026-04-04,Cardiology,33,50,20,13,2,16.37
2026-04-04,General Medicine,59,70,35,24,1,17.83
2026-04-04,Orthopedics,30,45,18,12,1,15.17
2026-04-04,Pediatrics,47,55,28,19,6,14.57
2026-04-04,Dermatology,26,40,16,10,3,15.93
2026-04-05,Cardiology,35,50,21,14,2,10.68
2026-04-05,General Medicine,51,70,31,20,6,18.64
2026-04-05,Orthopedics,32,45,19,13,5,15.31
2026-04-05,Pediatrics,39,55,23,16,4,18.8
2026-04-05,Dermatology,27,40,16,11,5,5.64
2026-04-06,Cardiology,49,50,29,20,4,18.7
2026-04-06,General Medicine,66,70,40,26,1,18.2
2026-04-06,Orthopedics,42,45,25,17,6,17.11
2026-04-06,Pediatrics,46,55,28,18,3,19.47
2026-04-06,Dermatology,37,40,22,15,2,20.04
2026-04-07,Cardiology,46,50,28,18,6,16.29
2026-04-07,General Medicine,64,70,38,26,4,13.9
2026-04-07,Orthopedics,42,45,25,17,4,18.68
2026-04-07,Pediatrics,49,55,29,20,1,16.56
2026-04-07,Dermatology,33,40,20,13,1,16.02
2026-04-08,Cardiology,47,50,28,19,8,19.32
2026-04-08,General Medicine,66,70,40,26,5,13.1
2026-04-08,Orthopedics,40,45,24,16,3,25.17
2026-04-08,Pediatrics,49,55,29,20,5,17.71
2026-04-08,Dermatology,29,40,17,12,5,16.76
2026-04-09,Cardiology,49,50,29,20,2,23.81
2026-04-09,General Medicine,58,70,35,23,6,23.14
2026-04-09,Orthopedics,35,45,21,14,2,15.85
2026-04-09,Pediatrics,48,55,29,19,1,17.66
2026-04-09,Dermatology,30,40,18,12,3,12.24
2026-04-10,Cardiology,53,50,32,21,3,20.23
2026-04-10,General Medicine,69,70,41,28,3,20.4
2026-04-10,Orthopedics,47,45,28,19,1,21.44
2026-04-10,Pediatrics,52,55,31,21,6,15.2
2026-04-10,Dermatology,29,40,17,12,3,15.39
2026-04-11,Cardiology,39,50,23,16,4,13.56
2026-04-11,General Medicine,58,70,35,23,5,14.43
2026-04-11,Orthopedics,42,45,25,17,4,15.09
2026-04-11,Pediatrics,46,55,28,18,2,19.09
2026-04-11,Dermatology,33,40,20,13,1,19.39
2026-04-12,Cardiology,39,50,23,16,5,21.29
2026-04-12,General Medicine,56,70,34,22,3,13.33
2026-04-12,Orthopedics,28,45,17,11,2,13.47
2026-04-12,Pediatrics,44,55,26,18,5,16.04
2026-04-12,Dermatology,35,40,21,14,2,25.66
2026-04-13,Cardiology,48,50,29,19,2,15.99
2026-04-13,General Medicine,68,70,41,27,5,21.57
2026-04-13,Orthopedics,43,45,26,17,3,16.57
2026-04-13,Pediatrics,43,55,26,17,3,18.21
2026-04-13,Dermatology,36,40,22,14,0,18.52
2026-04-14,Cardiology,47,50,28,19,2,19.26
2026-04-14,General Medicine,66,70,40,26,3,19.93
2026-04-14,Orthopedics,43,45,26,17,6,22.27
2026-04-14,Pediatrics,44,55,26,18,2,17.55
2026-04-14,Dermatology,38,40,23,15,4,30.56
2026-04-15,Cardiology,48,50,29,19,6,22.06
2026-04-15,General Medicine,69,70,41,28,5,21.99
2026-04-15,Orthopedics,37,45,22,15,2,14.99
2026-04-15,Pediatrics,51,55,31,20,9,12.94
2026-04-15,Dermatology,39,40,23,16,0,18.08
2026-04-16,Cardiology,51,50,31,20,4,17.17
2026-04-16,General Medicine,62,70,37,25,6,15.52
2026-04-16,Orthopedics,42,45,25,17,3,16.71
2026-04-16,Pediatrics,61,55,37,24,6,16.11
2026-04-16,Dermatology,36,40,22,14,2,20.56
2026-04-17,Cardiology,42,50,25,17,3,18.31
2026-04-17,General Medicine,70,70,42,28,3,19.0
2026-04-17,Orthopedics,38,45,23,15,2,22.19
2026-04-17,Pediatrics,53,55,32,21,2,22.03
2026-04-17,Dermatology,46,40,28,18,6,18.44
2026-04-18,Cardiology,35,50,21,14,5,11.88
2026-04-18,General Medicine,60,70,36,24,6,14.36
2026-04-18,Orthopedics,32,45,19,13,0,11.15
2026-04-18,Pediatrics,41,55,25,16,1,19.81
2026-04-18,Dermatology,20,40,12,8,1,10.39
2026-04-19,Cardiology,45,50,27,18,1,21.49
2026-04-19,General Medicine,58,70,35,23,3,17.96
2026-04-19,Orthopedics,34,45,20,14,2,15.32
2026-04-19,Pediatrics,41,55,25,16,4,16.9
2026-04-19,Dermatology,35,40,21,14,0,23.9
2026-04-20,Cardiology,36,50,22,14,3,16.16
2026-04-20,General Medicine,67,70,40,27,4,18.52
2026-04-20,Orthopedics,38,45,23,15,2,19.44
2026-04-20,Pediatrics,52,55,31,21,3,21.61
2026-04-20,Dermatology,37,40,22,15,5,20.39
2026-04-21,Cardiology,41,50,25,16,2,18.64
2026-04-21,General Medicine,69,70,41,28,5,20.07
2026-04-21,Orthopedics,47,45,28,19,3,22.53
2026-04-21,Pediatrics,50,55,30,20,4,21.48
2026-04-21,Dermatology,40,40,24,16,5,23.92
2026-04-22,Cardiology,46,50,28,18,5,17.47
2026-04-22,General Medicine,67,70,40,27,5,19.43
2026-04-22,Orthopedics,44,45,26,18,2,25.83
2026-04-22,Pediatrics,46,55,28,18,1,20.2
2026-04-22,Dermatology,40,40,24,16,4,21.89
2026-04-23,Cardiology,46,50,28,18,2,18.63
2026-04-23,General Medicine,62,70,37,25,7,17.27
2026-04-23,Orthopedics,37,45,22,15,2,17.68
2026-04-23,Pediatrics,48,55,29,19,2,18.19
2026-04-23,Dermatology,37,40,22,15,2,17.09
2026-04-24,Cardiology,47,50,28,19,1,14.58
2026-04-24,General Medicine,62,70,37,25,5,18.65
2026-04-24,Orthopedics,48,45,29,19,6,20.85
2026-04-24,Pediatrics,51,55,31,20,2,18.49
2026-04-24,Dermatology,34,40,20,14,3,14.52
2026-04-25,Cardiology,40,50,24,16,6,15.67
2026-04-25,General Medicine,60,70,36,24,6,15.94
2026-04-25,Orthopedics,34,45,20,14,3,15.4
2026-04-25,Pediatrics,39,55,23,16,3,15.68
2026-04-25,Dermatology,35,40,21,14,5,23.96
2026-04-26,Cardiology,34,50,20,14,4,14.15
2026-04-26,General Medicine,69,70,41,28,4,17.2
2026-04-26,Orthopedics,30,45,18,12,0,11.76
2026-04-26,Pediatrics,39,55,23,16,3,15.21
2026-04-26,Dermatology,37,40,22,15,5,16.77
2026-04-27,Cardiology,41,50,25,16,4,12.44
2026-04-27,General Medicine,75,70,45,30,8,20.02
2026-04-27,Orthopedics,32,45,19,13,5,13.88
2026-04-27,Pediatrics,57,55,34,23,1,18.93
2026-04-27,Dermatology,36,40,22,14,3,16.65
2026-04-28,Cardiology,49,50,29,20,2,19.17
2026-04-28,General Medicine,66,70,40,26,6,20.99
2026-04-28,Orthopedics,35,45,21,14,0,19.39
2026-04-28,Pediatrics,52,55,31,21,3,23.56
2026-04-28,Dermatology,36,40,22,14,5,18.2
2026-04-29,Cardiology,56,50,34,22,8,21.65
2026-04-29,General Medicine,71,70,43,28,7,24.39
2026-04-29,Orthopedics,36,45,22,14,4,19.18
2026-04-29,Pediatrics,42,55,25,17,1,9.16
2026-04-29,Dermatology,34,40,20,14,4,21.51
2026-04-30,Cardiology,46,50,28,18,7,14.26
2026-04-30,General Medicine,57,70,34,23,4,17.44
2026-04-30,Orthopedics,41,45,25,16,0,17.95
2026-04-30,Pediatrics,44,55,26,18,5,17.1
2026-04-30,Dermatology,31,40,19,12,1,12.32
2026-05-01,Cardiology,46,50,28,18,6,15.44
2026-05-01,General Medicine,68,70,41,27,4,17.05
2026-05-01,Orthopedics,40,45,24,16,1,16.12
2026-05-01,Pediatrics,45,55,27,18,8,16.47
2026-05-01,Dermatology,32,40,19,13,3,15.66
2026-05-02,Cardiology,37,50,22,15,4,17.07
2026-05-02,General Medicine,55,70,33,22,3,14.89
2026-05-02,Orthopedics,21,45,13,8,0,13.43
2026-05-02,Pediatrics,51,55,31,20,4,20.28
2026-05-02,Dermatology,29,40,17,12,8,17.86
2026-05-03,Cardiology,37,50,22,15,1,9.98
2026-05-03,General Medicine,59,70,35,24,3,12.59
2026-05-03,Orthopedics,30,45,18,12,0,18.39
2026-05-03,Pediatrics,47,55,28,19,4,21.53
2026-05-03,Dermatology,28,40,17,11,1,18.57
2026-05-04,Cardiology,49,50,29,20,2,19.03
2026-05-04,General Medicine,62,70,37,25,2,20.49
2026-05-04,Orthopedics,51,45,31,20,1,24.36
2026-05-04,Pediatrics,48,55,29,19,3,15.68
2026-05-04,Dermatology,32,40,19,13,3,13.51
2026-05-05,Cardiology,47,50,28,19,4,18.08
2026-05-05,General Medicine,61,70,37,24,4,19.69
2026-05-05,Orthopedics,44,45,26,18,2,19.85
2026-05-05,Pediatrics,55,55,33,22,1,21.63
2026-05-05,Dermatology,33,40,20,13,4,14.21
2026-05-06,Cardiology,37,50,22,15,0,14.94
2026-05-06,General Medicine,67,70,40,27,4,21.06
2026-05-06,Orthopedics,33,45,20,13,3,11.03
2026-05-06,Pediatrics,48,55,29,19,4,14.87
2026-05-06,Dermatology,34,40,20,14,5,15.27
2026-05-07,Cardiology,50,50,30,20,2,21.59
2026-05-07,General Medicine,73,70,44,29,1,18.47
2026-05-07,Orthopedics,44,45,26,18,3,20.67
2026-05-07,Pediatrics,48,55,29,19,4,16.99
2026-05-07,Dermatology,42,40,25,17,4,22.01
2026-05-08,Cardiology,44,50,26,18,3,16.3
2026-05-08,General Medicine,68,70,41,27,5,20.3
2026-05-08,Orthopedics,51,45,31,20,6,21.69
2026-05-08,Pediatrics,57,55,34,23,4,14.61
2026-05-08,Dermatology,31,40,19,12,0,14.45
2026-05-09,Cardiology,38,50,23,15,6,16.18
2026-05-09,General Medicine,57,70,34,23,6,9.65
2026-05-09,Orthopedics,34,45,20,14,4,10.68
2026-05-09,Pediatrics,49,55,29,20,5,16.57
2026-05-09,Dermatology,31,40,19,12,7,16.05
2026-05-10,Cardiology,39,50,23,16,2,13.05
2026-05-10,General Medicine,62,70,37,25,3,17.93
2026-05-10,Orthopedics,31,45,19,12,3,14.78
2026-05-10,Pediatrics,48,55,29,19,3,16.64
2026-05-10,Dermatology,23,40,14,9,1,12.63
2026-05-11,Cardiology,50,50,30,20,2,22.61
2026-05-11,General Medicine,73,70,44,29,7,26.49
2026-05-11,Orthopedics,37,45,22,15,0,11.11
2026-05-11,Pediatrics,59,55,35,24,6,21.29
2026-05-11,Dermatology,38,40,23,15,1,26.34
2026-05-12,Cardiology,47,50,28,19,4,20.98
2026-05-12,General Medicine,69,70,41,28,6,17.34
2026-05-12,Orthopedics,44,45,26,18,7,23.59
2026-05-12,Pediatrics,59,55,35,24,4,18.49
2026-05-12,Dermatology,36,40,22,14,3,21.28
2026-05-13,Cardiology,38,50,23,15,6,14.73
2026-05-13,General Medicine,64,70,38,26,3,13.32
2026-05-13,Orthopedics,45,45,27,18,4,16.13
2026-05-13,Pediatrics,45,55,27,18,3,21.37
2026-05-13,Dermatology,35,40,21,14,0,16.76
2026-05-14,Cardiology,45,50,27,18,0,17.84
2026-05-14,General Medicine,65,70,39,26,7,24.12
2026-05-14,Orthopedics,47,45,28,19,3,17.57
2026-05-14,Pediatrics,64,55,38,26,5,23.31
2026-05-14,Dermatology,36,40,22,14,3,17.57
2026-05-15,Cardiology,43,50,26,17,2,17.1
2026-05-15,General Medicine,64,70,38,26,4,18.61
2026-05-15,Orthopedics,40,45,24,16,6,9.82
2026-05-15,Pediatrics,57,55,34,23,7,14.51
2026-05-15,Dermatology,35,40,21,14,2,13.28
2026-05-16,Cardiology,34,50,20,14,0,18.86
2026-05-16,General Medicine,63,70,38,25,8,20.17
2026-05-16,Orthopedics,28,45,17,11,1,13.91
2026-05-16,Pediatrics,37,55,22,15,4,12.73
2026-05-16,Dermatology,26,40,16,10,4,14.33
2026-05-17,Cardiology,37,50,22,15,5,11.56
2026-05-17,General Medicine,61,70,37,24,6,16.5
2026-05-17,Orthopedics,35,45,21,14,0,18.33
2026-05-17,Pediatrics,42,55,25,17,2,18.42
2026-05-17,Dermatology,25,40,15,10,0,7.83
2026-05-18,Cardiology,49,50,29,20,1,24.86
2026-05-18,General Medicine,56,70,34,22,8,16.63
2026-05-18,Orthopedics,41,45,25,16,2,19.42
2026-05-18,Pediatrics,51,55,31,20,6,18.89
2026-05-18,Dermatology,37,40,22,15,2,18.33
2026-05-19,Cardiology,48,50,29,19,0,15.16
2026-05-19,General Medicine,70,70,42,28,6,19.45
2026-05-19,Orthopedics,42,45,25,17,4,17.05
2026-05-19,Pediatrics,48,55,29,19,4,14.52
2026-05-19,Dermatology,38,40,23,15,0,22.09
2026-05-20,Cardiology,49,50,29,20,4,22.55
2026-05-20,General Medicine,75,70,45,30,8,15.91
2026-05-20,Orthopedics,35,45,21,14,2,15.63
2026-05-20,Pediatrics,54,55,32,22,3,20.2
2026-05-20,Dermatology,33,40,20,13,1,12.28
2026-05-21,Cardiology,42,50,25,17,1,13.87
2026-05-21,General Medicine,72,70,43,29,4,28.47
2026-05-21,Orthopedics,44,45,26,18,4,16.98
2026-05-21,Pediatrics,55,55,33,22,3,20.37
2026-05-21,Dermatology,49,40,29,20,4,27.95
2026-05-22,Cardiology,43,50,26,17,3,22.51
2026-05-22,General Medicine,63,70,38,25,9,20.12
2026-05-22,Orthopedics,39,45,23,16,4,20.25
2026-05-22,Pediatrics,55,55,33,22,1,17.82
2026-05-22,Dermatology,35,40,21,14,3,19.36
2026-05-23,Cardiology,39,50,23,16,0,16.74
2026-05-23,General Medicine,62,70,37,25,6,20.96
2026-05-23,Orthopedics,38,45,23,15,4,16.68
2026-05-23,Pediatrics,35,55,21,14,4,13.35
2026-05-23,Dermatology,30,40,18,12,0,11.76
2026-05-24,Cardiology,44,50,26,18,3,19.64
2026-05-24,General Medicine,59,70,35,24,5,19.67
2026-05-24,Orthopedics,31,45,19,12,3,12.39
2026-05-24,Pediatrics,41,55,25,16,3,15.58
2026-05-24,Dermatology,26,40,16,10,5,10.32
2026-05-25,Cardiology,46,50,28,18,3,22.74
2026-05-25,General Medicine,68,70,41,27,8,14.97
2026-05-25,Orthopedics,43,45,26,17,5,19.36
2026-05-25,Pediatrics,57,55,34,23,4,24.96
2026-05-25,Dermatology,48,40,29,19,3,22.66
2026-05-26,Cardiology,54,50,32,22,7,20.03
2026-05-26,General Medicine,65,70,39,26,5,14.54
2026-05-26,Orthopedics,37,45,22,15,1,14.14
2026-05-26,Pediatrics,51,55,31,20,5,23.2
2026-05-26,Dermatology,32,40,19,13,5,15.36
2026-05-27,Cardiology,46,50,28,18,5,15.03
2026-05-27,General Medicine,69,70,41,28,6,21.19
2026-05-27,Orthopedics,43,45,26,17,8,17.2
2026-05-27,Pediatrics,49,55,29,20,3,16.15
2026-05-27,Dermatology,33,40,20,13,5,20.76
2026-05-28,Cardiology,44,50,26,18,2,19.01
2026-05-28,General Medicine,64,70,38,26,6,18.89
2026-05-28,Orthopedics,34,45,20,14,6,20.5
2026-05-28,Pediatrics,49,55,29,20,3,18.68
2026-05-28,Dermatology,38,40,23,15,4,25.03
2026-05-29,Cardiology,46,50,28,18,2,14.26
2026-05-29,General Medicine,63,70,38,25,5,23.38
2026-05-29,Orthopedics,39,45,23,16,4,17.28
2026-05-29,Pediatrics,58,55,35,23,10,19.5
2026-05-29,Dermatology,34,40,20,14,5,19.05
2026-05-30,Cardiology,48,50,29,19,5,18.12
2026-05-30,General Medicine,62,70,37,25,7,20.18
2026-05-30,Orthopedics,36,45,22,14,5,19.51
2026-05-30,Pediatrics,51,55,31,20,5,18.04
2026-05-30,Dermatology,30,40,18,12,5,12.55
2026-05-31,Cardiology,41,50,25,16,2,16.49
2026-05-31,General Medicine,65,70,39,26,6,18.71
2026-05-31,Orthopedics,27,45,16,11,4,13.94
2026-05-31,Pediatrics,55,55,33,22,4,20.66
2026-05-31,Dermatology,30,40,18,12,6,14.71
2026-06-01,Cardiology,48,50,29,19,5,19.76
2026-06-01,General Medicine,65,70,39,26,6,21.79
2026-06-01,Orthopedics,37,45,22,15,3,14.34
2026-06-01,Pediatrics,58,55,35,23,2,19.41
2026-06-01,Dermatology,39,40,23,16,6,19.3
2026-06-02,Cardiology,44,50,26,18,7,13.26
2026-06-02,General Medicine,56,70,34,22,5,14.49
2026-06-02,Orthopedics,37,45,22,15,4,17.18
2026-06-02,Pediatrics,49,55,29,20,1,20.44
2026-06-02,Dermatology,40,40,24,16,3,25.54
2026-06-03,Cardiology,42,50,25,17,0,14.72
2026-06-03,General Medicine,67,70,40,27,6,18.42
2026-06-03,Orthopedics,44,45,26,18,1,23.89
2026-06-03,Pediatrics,51,55,31,20,6,19.57
2026-06-03,Dermatology,39,40,23,16,4,20.84
2026-06-04,Cardiology,50,50,30,20,7,20.59
2026-06-04,General Medicine,70,70,42,28,5,24.32
2026-06-04,Orthopedics,39,45,23,16,7,17.21
2026-06-04,Pediatrics,45,55,27,18,4,14.32
2026-06-04,Dermatology,41,40,25,16,2,19.16
2026-06-05,Cardiology,38,50,23,15,2,7.93
2026-06-05,General Medicine,59,70,35,24,6,19.21
2026-06-05,Orthopedics,44,45,26,18,2,19.41
2026-06-05,Pediatrics,52,55,31,21,2,23.42
2026-06-05,Dermatology,41,40,25,16,3,20.58
2026-06-06,Cardiology,40,50,24,16,0,15.26
2026-06-06,General Medicine,56,70,34,22,2,15.16
2026-06-06,Orthopedics,43,45,26,17,5,17.4
2026-06-06,Pediatrics,47,55,28,19,7,19.86
2026-06-06,Dermatology,29,40,17,12,1,16.59
2026-06-07,Cardiology,41,50,25,16,5,18.31
2026-06-07,General Medicine,64,70,38,26,4,22.24
2026-06-07,Orthopedics,35,45,21,14,7,13.49
2026-06-07,Pediatrics,53,55,32,21,5,17.32
2026-06-07,Dermatology,27,40,16,11,2,14.77
2026-06-08,Cardiology,50,50,30,20,3,19.93
2026-06-08,General Medicine,78,70,47,31,10,23.59
2026-06-08,Orthopedics,42,45,25,17,4,20.51
2026-06-08,Pediatrics,47,55,28,19,3,12.09
2026-06-08,Dermatology,39,40,23,16,4,18.05
2026-06-09,Cardiology,55,50,33,22,2,17.61
2026-06-09,General Medicine,68,70,41,27,8,24.48
2026-06-09,Orthopedics,40,45,24,16,5,17.66
2026-06-09,Pediatrics,51,55,31,20,6,20.5
2026-06-09,Dermatology,29,40,17,12,5,18.64
2026-06-10,Cardiology,44,50,26,18,4,19.08
2026-06-10,General Medicine,68,70,41,27,4,17.41
2026-06-10,Orthopedics,42,45,25,17,6,20.3
2026-06-10,Pediatrics,50,55,30,20,6,9.64
2026-06-10,Dermatology,43,40,26,17,0,20.41
2026-06-11,Cardiology,42,50,25,17,1,20.28
2026-06-11,General Medicine,65,70,39,26,6,18.43
2026-06-11,Orthopedics,45,45,27,18,4,16.15
2026-06-11,Pediatrics,57,55,34,23,4,16.06
2026-06-11,Dermatology,35,40,21,14,6,20.05
2026-06-12,Cardiology,45,50,27,18,3,17.04
2026-06-12,General Medicine,78,70,47,31,7,23.58
2026-06-12,Orthopedics,47,45,28,19,4,20.11
2026-06-12,Pediatrics,51,55,31,20,4,18.43
2026-06-12,Dermatology,41,40,25,16,3,22.7
2026-06-13,Cardiology,39,50,23,16,3,9.61
2026-06-13,General Medicine,64,70,38,26,6,21.28
2026-06-13,Orthopedics,20,45,12,8,6,8.47
2026-06-13,Pediatrics,50,55,30,20,2,20.02
2026-06-13,Dermatology,24,40,14,10,1,17.74
2026-06-14,Cardiology,38,50,23,15,3,17.81
2026-06-14,General Medicine,62,70,37,25,5,18.81
2026-06-14,Orthopedics,46,45,28,18,4,21.05
2026-06-14,Pediatrics,49,55,29,20,6,21.38
2026-06-14,Dermatology,32,40,19,13,0,20.9
2026-06-15,Cardiology,42,50,25,17,4,14.54
2026-06-15,General Medicine,67,70,40,27,6,20.11
2026-06-15,Orthopedics,44,45,26,18,7,20.92
2026-06-15,Pediatrics,51,55,31,20,6,22.11
2026-06-15,Dermatology,31,40,19,12,4,17.6
2026-06-16,Cardiology,46,50,28,18,6,17.95
2026-06-16,General Medicine,68,70,41,27,5,19.48
2026-06-16,Orthopedics,37,45,22,15,0,21.23
2026-06-16,Pediatrics,48,55,29,19,2,10.99
2026-06-16,Dermatology,34,40,20,14,0,21.93
2026-06-17,Cardiology,52,50,31,21,3,27.56
2026-06-17,General Medicine,72,70,43,29,5,13.07
2026-06-17,Orthopedics,54,45,32,22,2,19.06
2026-06-17,Pediatrics,57,55,34,23,9,24.88
2026-06-17,Dermatology,40,40,24,16,4,22.56
2026-06-18,Cardiology,51,50,31,20,5,20.71
2026-06-18,General Medicine,67,70,40,27,4,18.3
2026-06-18,Orthopedics,34,45,20,14,3,12.15
2026-06-18,Pediatrics,47,55,28,19,4,21.27
2026-06-18,Dermatology,42,40,25,17,0,18.03
2026-06-19,Cardiology,52,50,31,21,2,20.13
2026-06-19,General Medicine,70,70,42,28,4,20.32
2026-06-19,Orthopedics,36,45,22,14,2,16.96
2026-06-19,Pediatrics,44,55,26,18,4,15.94
2026-06-19,Dermatology,40,40,24,16,4,24.09
2026-06-20,Cardiology,40,50,24,16,2,16.37
2026-06-20,General Medicine,62,70,37,25,5,17.84
2026-06-20,Orthopedics,31,45,19,12,1,9.57
2026-06-20,Pediatrics,53,55,32,21,2,17.19
2026-06-20,Dermatology,26,40,16,10,4,12.12
2026-06-21,Cardiology,46,50,28,18,2,19.24
2026-06-21,General Medicine,55,70,33,22,9,12.15
2026-06-21,Orthopedics,36,45,22,14,4,17.24
2026-06-21,Pediatrics,44,55,26,18,3,16.13
2026-06-21,Dermatology,29,40,17,12,4,21.13
2026-06-22,Cardiology,45,50,27,18,1,17.74
2026-06-22,General Medicine,80,70,48,32,5,27.77
2026-06-22,Orthopedics,51,45,31,20,3,24.37
2026-06-22,Pediatrics,61,55,37,24,4,21.57
2026-06-22,Dermatology,35,40,21,14,1,15.55
2026-06-23,Cardiology,41,50,25,16,3,14.09
2026-06-23,General Medicine,69,70,41,28,2,20.71
2026-06-23,Orthopedics,47,45,28,19,0,22.01
2026-06-23,Pediatrics,59,55,35,24,2,26.47
2026-06-23,Dermatology,40,40,24,16,2,19.83
2026-06-24,Cardiology,50,50,30,20,4,21.62
2026-06-24,General Medicine,63,70,38,25,5,13.76
2026-06-24,Orthopedics,42,45,25,17,2,16.46
2026-06-24,Pediatrics,59,55,35,24,7,23.28
2026-06-24,Dermatology,32,40,19,13,2,19.64
2026-06-25,Cardiology,48,50,29,19,8,20.38
2026-06-25,General Medicine,69,70,41,28,5,20.11
2026-06-25,Orthopedics,42,45,25,17,5,21.54
2026-06-25,Pediatrics,49,55,29,20,1,12.31
2026-06-25,Dermatology,40,40,24,16,1,13.54
2026-06-26,Cardiology,50,50,30,20,9,19.98
2026-06-26,General Medicine,72,70,43,29,6,20.27
2026-06-26,Orthopedics,47,45,28,19,3,21.69
2026-06-26,Pediatrics,54,55,32,22,3,22.61
2026-06-26,Dermatology,37,40,22,15,1,20.11
2026-06-27,Cardiology,35,50,21,14,3,13.97
2026-06-27,General Medicine,65,70,39,26,6,18.5
2026-06-27,Orthopedics,39,45,23,16,6,19.01
2026-06-27,Pediatrics,45,55,27,18,1,13.17
2026-06-27,Dermatology,28,40,17,11,1,13.44
2026-06-28,Cardiology,40,50,24,16,4,15.79
2026-06-28,General Medicine,62,70,37,25,5,11.79
2026-06-28,Orthopedics,30,45,18,12,2,9.7
2026-06-28,Pediatrics,48,55,29,19,7,21.11
2026-06-28,Dermatology,29,40,17,12,5,14.95
2026-06-29,Cardiology,46,50,28,18,2,17.49
2026-06-29,General Medicine,66,70,40,26,6,19.34
2026-06-29,Orthopedics,43,45,26,17,4,22.68
2026-06-29,Pediatrics,57,55,34,23,2,13.07
2026-06-29,Dermatology,42,40,25,17,1,20.33
2026-06-30,Cardiology,42,50,25,17,0,18.42
2026-06-30,General Medicine,71,70,43,28,5,12.51
2026-06-30,Orthopedics,40,45,24,16,4,13.34
2026-06-30,Pediatrics,54,55,32,22,4,21.37
2026-06-30,Dermatology,38,40,23,15,1,22.59
2026-07-01,Cardiology,47,50,28,19,4,16.0
2026-07-01,General Medicine,66,70,40,26,4,18.34
2026-07-01,Orthopedics,51,45,31,20,1,17.83
2026-07-01,Pediatrics,60,55,36,24,4,19.81
2026-07-01,Dermatology,43,40,26,17,2,26.98
2026-07-02,Cardiology,51,50,31,20,3,26.87
2026-07-02,General Medicine,65,70,39,26,7,19.47
2026-07-02,Orthopedics,49,45,29,20,7,21.87
2026-07-02,Pediatrics,49,55,29,20,5,15.79
2026-07-02,Dermatology,48,40,29,19,4,22.9
2026-07-03,Cardiology,49,50,29,20,1,16.69
2026-07-03,General Medicine,74,70,44,30,5,18.0
2026-07-03,Orthopedics,45,45,27,18,6,22.16
2026-07-03,Pediatrics,58,55,35,23,3,16.83
2026-07-03,Dermatology,45,40,27,18,3,21.75
2026-07-04,Cardiology,46,50,28,18,5,19.77
2026-07-04,General Medicine,71,70,43,28,4,23.07
2026-07-04,Orthopedics,35,45,21,14,3,20.14
2026-07-04,Pediatrics,47,55,28,19,5,20.31
2026-07-04,Dermatology,28,40,17,11,1,10.87
2026-07-05,Cardiology,30,50,18,12,7,8.69
2026-07-05,General Medicine,59,70,35,24,4,17.78
2026-07-05,Orthopedics,39,45,23,16,5,15.58
2026-07-05,Pediatrics,44,55,26,18,4,15.25
2026-07-05,Dermatology,38,40,23,15,4,21.2
2026-07-06,Cardiology,51,50,31,20,6,20.94
2026-07-06,General Medicine,61,70,37,24,6,15.47
2026-07-06,Orthopedics,40,45,24,16,4,21.49
2026-07-06,Pediatrics,53,55,32,21,5,24.38
2026-07-06,Dermatology,39,40,23,16,8,21.2
2026-07-07,Cardiology,39,50,23,16,5,16.74
2026-07-07,General Medicine,74,70,44,30,7,20.73
2026-07-07,Orthopedics,37,45,22,15,3,13.89
2026-07-07,Pediatrics,50,55,30,20,5,23.19
2026-07-07,Dermatology,40,40,24,16,1,21.33
2026-07-08,Cardiology,54,50,32,22,3,21.2
2026-07-08,General Medicine,68,70,41,27,4,21.37
2026-07-08,Orthopedics,42,45,25,17,4,16.0
2026-07-08,Pediatrics,51,55,31,20,6,17.43
2026-07-08,Dermatology,47,40,28,19,3,24.17
2026-07-09,Cardiology,53,50,32,21,1,15.92
2026-07-09,General Medicine,60,70,36,24,7,15.49
2026-07-09,Orthopedics,56,45,34,22,3,25.44
2026-07-09,Pediatrics,61,55,37,24,9,28.37
2026-07-09,Dermatology,44,40,26,18,6,23.78
2026-07-10,Cardiology,52,50,31,21,3,18.35
2026-07-10,General Medicine,68,70,41,27,5,18.07
2026-07-10,Orthopedics,46,45,28,18,6,20.71
2026-07-10,Pediatrics,60,55,36,24,3,21.24
2026-07-10,Dermatology,34,40,20,14,0,16.75
2026-07-11,Cardiology,39,50,23,16,6,17.49
2026-07-11,General Medicine,55,70,33,22,8,19.38
2026-07-11,Orthopedics,38,45,23,15,3,14.01
2026-07-11,Pediatrics,43,55,26,17,6,21.29
2026-07-11,Dermatology,38,40,23,15,2,15.64
2026-07-12,Cardiology,41,50,25,16,0,17.37
2026-07-12,General Medicine,59,70,35,24,4,12.07
2026-07-12,Orthopedics,38,45,23,15,2,13.38
2026-07-12,Pediatrics,31,55,19,12,2,16.59
2026-07-12,Dermatology,38,40,23,15,2,17.19
2026-07-13,Cardiology,50,50,30,20,2,20.91
2026-07-13,General Medicine,72,70,43,29,8,20.27
2026-07-13,Orthopedics,42,45,25,17,2,16.19
2026-07-13,Pediatrics,52,55,31,21,5,21.65
2026-07-13,Dermatology,34,40,20,14,6,16.19
2026-07-14,Cardiology,48,50,29,19,2,11.93
2026-07-14,General Medicine,73,70,44,29,7,20.01
2026-07-14,Orthopedics,43,45,26,17,4,14.42
2026-07-14,Pediatrics,50,55,30,20,6,14.42
2026-07-14,Dermatology,40,40,24,16,0,21.4
2026-07-15,Cardiology,48,50,29,19,1,22.69
2026-07-15,General Medicine,64,70,38,26,3,18.89
2026-07-15,Orthopedics,49,45,29,20,2,21.96
2026-07-15,Pediatrics,55,55,33,22,6,20.53
2026-07-15,Dermatology,36,40,22,14,1,18.26
2026-07-16,Cardiology,43,50,26,17,0,18.51
2026-07-16,General Medicine,73,70,44,29,1,17.83
2026-07-16,Orthopedics,46,45,28,18,8,20.51
2026-07-16,Pediatrics,50,55,30,20,4,22.31
2026-07-16,Dermatology,35,40,21,14,1,16.05
2026-07-17,Cardiology,43,50,26,17,4,22.07
2026-07-17,General Medicine,70,70,42,28,5,19.12
2026-07-17,Orthopedics,35,45,21,14,5,15.32
2026-07-17,Pediatrics,52,55,31,21,11,19.81
2026-07-17,Dermatology,34,40,20,14,2,20.45
2026-07-18,Cardiology,41,50,25,16,0,19.16
2026-07-18,General Medicine,57,70,34,23,8,19.53
2026-07-18,Orthopedics,33,45,20,13,5,14.87
2026-07-18,Pediatrics,50,55,30,20,5,15.64
2026-07-18,Dermatology,27,40,16,11,4,12.5
2026-07-19,Cardiology,38,50,23,15,1,16.47
2026-07-19,General Medicine,71,70,43,28,4,20.36
2026-07-19,Orthopedics,42,45,25,17,3,20.02
2026-07-19,Pediatrics,40,55,24,16,4,13.98
2026-07-19,Dermatology,35,40,21,14,5,25.27
2026-07-20,Cardiology,51,50,31,20,5,20.98
2026-07-20,General Medicine,67,70,40,27,6,18.26
2026-07-20,Orthopedics,44,45,26,18,6,16.54
2026-07-20,Pediatrics,59,55,35,24,7,21.1
2026-07-20,Dermatology,28,40,17,11,1,17.89
2026-07-21,Cardiology,48,50,29,19,2,17.69
2026-07-21,General Medicine,73,70,44,29,7,20.14
2026-07-21,Orthopedics,41,45,25,16,2,15.45
2026-07-21,Pediatrics,61,55,37,24,4,25.83
2026-07-21,Dermatology,46,40,28,18,6,21.71
2026-07-22,Cardiology,50,50,30,20,4,17.29
2026-07-22,General Medicine,70,70,42,28,3,23.56
2026-07-22,Orthopedics,41,45,25,16,4,19.07
2026-07-22,Pediatrics,52,55,31,21,5,17.48
2026-07-22,Dermatology,43,40,26,17,1,21.88
2026-07-23,Cardiology,58,50,35,23,3,21.17
2026-07-23,General Medicine,71,70,43,28,6,21.34
2026-07-23,Orthopedics,46,45,28,18,5,23.77
2026-07-23,Pediatrics,55,55,33,22,4,22.02
2026-07-23,Dermatology,48,40,29,19,4,21.08
2026-07-24,Cardiology,54,50,32,22,4,15.08
2026-07-24,General Medicine,73,70,44,29,5,20.59
2026-07-24,Orthopedics,45,45,27,18,4,22.13
2026-07-24,Pediatrics,51,55,31,20,5,17.77
2026-07-24,Dermatology,42,40,25,17,5,18.19
2026-07-25,Cardiology,46,50,28,18,3,20.82
2026-07-25,General Medicine,62,70,37,25,9,17.04
2026-07-25,Orthopedics,34,45,20,14,3,14.2
2026-07-25,Pediatrics,49,55,29,20,1,14.66
2026-07-25,Dermatology,25,40,15,10,4,17.63
2026-07-26,Cardiology,40,50,24,16,3,16.21
2026-07-26,General Medicine,66,70,40,26,3,19.57
2026-07-26,Orthopedics,40,45,24,16,4,18.35
2026-07-26,Pediatrics,50,55,30,20,0,20.22
2026-07-26,Dermatology,27,40,16,11,0,15.03
2026-07-27,Cardiology,55,50,33,22,4,24.86
2026-07-27,General Medicine,77,70,46,31,9,26.92
2026-07-27,Orthopedics,47,45,28,19,4,16.08
2026-07-27,Pediatrics,52,55,31,21,2,25.42
2026-07-27,Dermatology,38,40,23,15,3,20.65
2026-07-28,Cardiology,49,50,29,20,7,17.73
2026-07-28,General Medicine,70,70,42,28,4,16.04
2026-07-28,Orthopedics,40,45,24,16,3,16.49
2026-07-28,Pediatrics,50,55,30,20,1,17.93
2026-07-28,Dermatology,31,40,19,12,4,15.75
2026-07-29,Cardiology,41,50,25,16,3,14.14
2026-07-29,General Medicine,70,70,42,28,8,14.37
2026-07-29,Orthopedics,44,45,26,18,3,21.57
2026-07-29,Pediatrics,55,55,33,22,3,19.04
2026-07-29,Dermatology,35,40,21,14,5,17.56
2026-07-30,Cardiology,58,50,35,23,5,21.07
2026-07-30,General Medicine,61,70,37,24,1,12.68
2026-07-30,Orthopedics,45,45,27,18,5,15.26
2026-07-30,Pediatrics,58,55,35,23,4,21.53
2026-07-30,Dermatology,47,40,28,19,6,22.69
2026-07-31,Cardiology,44,50,26,18,0,15.44
2026-07-31,General Medicine,68,70,41,27,3,19.03
2026-07-31,Orthopedics,44,45,26,18,3,17.61
2026-07-31,Pediatrics,54,55,32,22,5,16.37
2026-07-31,Dermatology,46,40,28,18,3,23.06
2026-08-01,Cardiology,44,50,26,18,4,20.46
2026-08-01,General Medicine,62,70,37,25,4,18.8
2026-08-01,Orthopedics,30,45,18,12,3,13.23
2026-08-01,Pediatrics,45,55,27,18,3,10.72
2026-08-01,Dermatology,28,40,17,11,2,14.48
2026-08-02,Cardiology,36,50,22,14,5,11.8
2026-08-02,General Medicine,66,70,40,26,6,16.92
2026-08-02,Orthopedics,45,45,27,18,1,22.76
2026-08-02,Pediatrics,51,55,31,20,3,22.72
2026-08-02,Dermatology,29,40,17,12,3,15.28
2026-08-03,Cardiology,48,50,29,19,5,21.58
2026-08-03,General Medicine,60,70,36,24,7,12.16
2026-08-03,Orthopedics,49,45,29,20,6,18.5
2026-08-03,Pediatrics,52,55,31,21,2,18.26
2026-08-03,Dermatology,37,40,22,15,5,22.43
2026-08-04,Cardiology,56,50,34,22,3,21.77
2026-08-04,General Medicine,60,70,36,24,3,20.04
2026-08-04,Orthopedics,52,45,31,21,2,21.33
2026-08-04,Pediatrics,54,55,32,22,5,17.21
2026-08-04,Dermatology,41,40,25,16,2,20.46
2026-08-05,Cardiology,52,50,31,21,4,19.49
2026-08-05,General Medicine,68,70,41,27,5,18.32
2026-08-05,Orthopedics,42,45,25,17,7,20.35
2026-08-05,Pediatrics,52,55,31,21,6,17.91
2026-08-05,Dermatology,45,40,27,18,4,22.18
2026-08-06,Cardiology,51,50,31,20,1,17.02
2026-08-06,General Medicine,63,70,38,25,5,23.2
2026-08-06,Orthopedics,55,45,33,22,6,25.95
2026-08-06,Pediatrics,45,55,27,18,3,14.0
2026-08-06,Dermatology,36,40,22,14,3,16.58
2026-08-07,Cardiology,39,50,23,16,5,12.38
2026-08-07,General Medicine,70,70,42,28,10,17.24
2026-08-07,Orthopedics,31,45,19,12,2,17.08
2026-08-07,Pediatrics,64,55,38,26,3,24.76
2026-08-07,Dermatology,37,40,22,15,3,26.43
2026-08-08,Cardiology,33,50,20,13,3,14.6
2026-08-08,General Medicine,66,70,40,26,5,19.78
2026-08-08,Orthopedics,34,45,20,14,3,14.08
2026-08-08,Pediatrics,49,55,29,20,3,18.95
2026-08-08,Dermatology,31,40,19,12,5,15.35
2026-08-09,Cardiology,32,50,19,13,5,10.08
2026-08-09,General Medicine,58,70,35,23,3,20.69
2026-08-09,Orthopedics,25,45,15,10,8,14.28
2026-08-09,Pediatrics,47,55,28,19,4,17.95
2026-08-09,Dermatology,34,40,20,14,4,18.67
2026-08-10,Cardiology,49,50,29,20,4,19.15
2026-08-10,General Medicine,68,70,41,27,8,21.21
2026-08-10,Orthopedics,29,45,17,12,4,13.47
2026-08-10,Pediatrics,54,55,32,22,4,23.01
2026-08-10,Dermatology,44,40,26,18,2,23.22
2026-08-11,Cardiology,44,50,26,18,1,15.72
2026-08-11,General Medicine,73,70,44,29,8,22.4
2026-08-11,Orthopedics,48,45,29,19,5,19.41
2026-08-11,Pediatrics,56,55,34,22,6,22.63
2026-08-11,Dermatology,45,40,27,18,5,23.55
2026-08-12,Cardiology,54,50,32,22,4,18.95
2026-08-12,General Medicine,68,70,41,27,4,17.4
2026-08-12,Orthopedics,43,45,26,17,2,18.19
2026-08-12,Pediatrics,45,55,27,18,4,16.37
2026-08-12,Dermatology,35,40,21,14,4,20.31
2026-08-13,Cardiology,41,50,25,16,2,14.09
2026-08-13,General Medicine,64,70,38,26,7,17.7
2026-08-13,Orthopedics,43,45,26,17,0,21.02
2026-08-13,Pediatrics,48,55,29,19,4,18.29
2026-08-13,Dermatology,46,40,28,18,1,13.94
2026-08-14,Cardiology,50,50,30,20,8,23.72
2026-08-14,General Medicine,70,70,42,28,5,22.42
2026-08-14,Orthopedics,39,45,23,16,4,18.85
2026-08-14,Pediatrics,59,55,35,24,10,22.63
2026-08-14,Dermatology,37,40,22,15,3,13.19
2026-08-15,Cardiology,38,50,23,15,2,13.63
2026-08-15,General Medicine,62,70,37,25,3,21.08
2026-08-15,Orthopedics,36,45,22,14,3,15.02
2026-08-15,Pediatrics,47,55,28,19,5,14.49
2026-08-15,Dermatology,28,40,17,11,2,9.96
2026-08-16,Cardiology,37,50,22,15,2,17.42
2026-08-16,General Medicine,62,70,37,25,5,20.27
2026-08-16,Orthopedics,35,45,21,14,4,15.25
2026-08-16,Pediatrics,47,55,28,19,3,9.77
2026-08-16,Dermatology,30,40,18,12,5,17.78
2026-08-17,Cardiology,54,50,32,22,7,21.87
2026-08-17,General Medicine,70,70,42,28,4,19.05
2026-08-17,Orthopedics,47,45,28,19,6,20.47
2026-08-17,Pediatrics,52,55,31,21,4,20.71
2026-08-17,Dermatology,32,40,19,13,0,14.35
2026-08-18,Cardiology,43,50,26,17,2,16.76
2026-08-18,General Medicine,67,70,40,27,8,20.12
2026-08-18,Orthopedics,46,45,28,18,5,17.03
2026-08-18,Pediatrics,59,55,35,24,5,23.47
2026-08-18,Dermatology,34,40,20,14,0,19.45
2026-08-19,Cardiology,51,50,31,20,2,17.79
2026-08-19,General Medicine,75,70,45,30,4,26.36
2026-08-19,Orthopedics,40,45,24,16,4,16.79
2026-08-19,Pediatrics,57,55,34,23,3,20.24
2026-08-19,Dermatology,39,40,23,16,1,21.72
2026-08-20,Cardiology,47,50,28,19,3,15.82
2026-08-20,General Medicine,56,70,34,22,4,23.24
2026-08-20,Orthopedics,48,45,29,19,4,20.54
2026-08-20,Pediatrics,54,55,32,22,5,16.09
2026-08-20,Dermatology,45,40,27,18,5,24.65
2026-08-21,Cardiology,51,50,31,20,4,22.42
2026-08-21,General Medicine,72,70,43,29,5,18.85
2026-08-21,Orthopedics,45,45,27,18,7,16.28
2026-08-21,Pediatrics,47,55,28,19,4,17.24
2026-08-21,Dermatology,40,40,24,16,4,19.33
2026-08-22,Cardiology,49,50,29,20,1,17.11
2026-08-22,General Medicine,61,70,37,24,2,16.9
2026-08-22,Orthopedics,45,45,27,18,4,20.69
2026-08-22,Pediatrics,40,55,24,16,2,13.42
2026-08-22,Dermatology,30,40,18,12,5,16.67
2026-08-23,Cardiology,36,50,22,14,3,15.89
2026-08-23,General Medicine,67,70,40,27,9,16.1
2026-08-23,Orthopedics,32,45,19,13,0,13.52
2026-08-23,Pediatrics,49,55,29,20,6,17.59
2026-08-23,Dermatology,30,40,18,12,3,12.49
2026-08-24,Cardiology,60,50,36,24,2,24.55
2026-08-24,General Medicine,79,70,47,32,6,22.0
2026-08-24,Orthopedics,43,45,26,17,3,23.23
2026-08-24,Pediatrics,43,55,26,17,7,11.36
2026-08-24,Dermatology,38,40,23,15,2,20.77
2026-08-25,Cardiology,41,50,25,16,4,22.47
2026-08-25,General Medicine,63,70,38,25,5,16.01
2026-08-25,Orthopedics,47,45,28,19,4,18.96
2026-08-25,Pediatrics,57,55,34,23,8,20.15
2026-08-25,Dermatology,43,40,26,17,1,18.63
2026-08-26,Cardiology,52,50,31,21,7,21.87
2026-08-26,General Medicine,68,70,41,27,5,15.68
2026-08-26,Orthopedics,47,45,28,19,6,19.53
2026-08-26,Pediatrics,52,55,31,21,5,17.6
2026-08-26,Dermatology,39,40,23,16,7,18.76
2026-08-27,Cardiology,48,50,29,19,3,21.43
2026-08-27,General Medicine,69,70,41,28,4,23.68
2026-08-27,Orthopedics,52,45,31,21,3,17.51
2026-08-27,Pediatrics,59,55,35,24,3,23.83
2026-08-27,Dermatology,30,40,18,12,4,11.37
2026-08-28,Cardiology,53,50,32,21,4,18.34
2026-08-28,General Medicine,67,70,40,27,7,19.46
2026-08-28,Orthopedics,47,45,28,19,8,16.2
2026-08-28,Pediatrics,63,55,38,25,5,20.21
2026-08-28,Dermatology,33,40,20,13,2,19.26
2026-08-29,Cardiology,41,50,25,16,6,12.05
2026-08-29,General Medicine,61,70,37,24,2,18.52
2026-08-29,Orthopedics,41,45,25,16,2,10.41
2026-08-29,Pediatrics,47,55,28,19,5,18.3
2026-08-29,Dermatology,38,40,23,15,1,21.04
2026-08-30,Cardiology,47,50,28,19,0,19.76
2026-08-30,General Medicine,59,70,35,24,5,17.9
2026-08-30,Orthopedics,34,45,20,14,1,15.21
2026-08-30,Pediatrics,41,55,25,16,1,16.95
2026-08-30,Dermatology,26,40,16,10,3,14.39
2026-08-31,Cardiology,41,50,25,16,2,19.98
2026-08-31,General Medicine,65,70,39,26,4,19.96
2026-08-31,Orthopedics,48,45,29,19,3,19.54
2026-08-31,Pediatrics,62,55,37,25,8,25.48
2026-08-31,Dermatology,40,40,24,16,2,17.51
2026-09-01,Cardiology,52,50,31,21,5,25.0
2026-09-01,General Medicine,73,70,44,29,3,24.01
2026-09-01,Orthopedics,40,45,24,16,2,18.53
2026-09-01,Pediatrics,65,55,39,26,11,25.46
2026-09-01,Dermatology,39,40,23,16,4,22.16
2026-09-02,Cardiology,48,50,29,19,7,19.89
2026-09-02,General Medicine,72,70,43,29,7,21.84
2026-09-02,Orthopedics,49,45,29,20,3,20.1
2026-09-02,Pediatrics,49,55,29,20,5,20.15
2026-09-02,Dermatology,42,40,25,17,7,20.98
2026-09-03,Cardiology,53,50,32,21,2,20.04
2026-09-03,General Medicine,73,70,44,29,8,19.98
2026-09-03,Orthopedics,44,45,26,18,0,18.48
2026-09-03,Pediatrics,59,55,35,24,6,22.96
2026-09-03,Dermatology,40,40,24,16,3,18.02
2026-09-04,Cardiology,53,50,32,21,5,22.68
2026-09-04,General Medicine,67,70,40,27,1,22.43
2026-09-04,Orthopedics,42,45,25,17,2,20.75
2026-09-04,Pediatrics,53,55,32,21,6,21.12
2026-09-04,Dermatology,43,40,26,17,1,25.14
2026-09-05,Cardiology,43,50,26,17,3,17.63
2026-09-05,General Medicine,53,70,32,21,5,12.05
2026-09-05,Orthopedics,30,45,18,12,0,16.67
2026-09-05,Pediatrics,44,55,26,18,7,14.39
2026-09-05,Dermatology,23,40,14,9,0,15.21
2026-09-06,Cardiology,41,50,25,16,2,16.88
2026-09-06,General Medicine,64,70,38,26,7,22.63
2026-09-06,Orthopedics,35,45,21,14,0,14.32
2026-09-06,Pediatrics,48,55,29,19,2,14.58
2026-09-06,Dermatology,33,40,20,13,3,16.6
2026-09-07,Cardiology,46,50,28,18,3,15.63
2026-09-07,General Medicine,74,70,44,30,8,15.6
2026-09-07,Orthopedics,40,45,24,16,0,15.83
2026-09-07,Pediatrics,54,55,32,22,1,16.87
2026-09-07,Dermatology,35,40,21,14,3,17.71
2026-09-08,Cardiology,46,50,28,18,4,16.76
2026-09-08,General Medicine,68,70,41,27,9,23.45
2026-09-08,Orthopedics,38,45,23,15,5,19.32
2026-09-08,Pediatrics,49,55,29,20,6,22.43
2026-09-08,Dermatology,34,40,20,14,1,20.05
2026-09-09,Cardiology,51,50,31,20,5,21.42
2026-09-09,General Medicine,72,70,43,29,3,23.71
2026-09-09,Orthopedics,51,45,31,20,4,22.54
2026-09-09,Pediatrics,47,55,28,19,5,18.81
2026-09-09,Dermatology,40,40,24,16,5,19.0
2026-09-10,Cardiology,53,50,32,21,2,21.13
2026-09-10,General Medicine,69,70,41,28,6,18.61
2026-09-10,Orthopedics,44,45,26,18,5,18.25
2026-09-10,Pediatrics,47,55,28,19,7,21.24
2026-09-10,Dermatology,33,40,20,13,4,14.99
2026-09-11,Cardiology,51,50,31,20,5,19.7
2026-09-11,General Medicine,66,70,40,26,4,16.11
2026-09-11,Orthopedics,41,45,25,16,3,16.07
2026-09-11,Pediatrics,58,55,35,23,8,19.35
2026-09-11,Dermatology,41,40,25,16,4,21.92
2026-09-12,Cardiology,42,50,25,17,5,18.25
2026-09-12,General Medicine,56,70,34,22,6,18.66
2026-09-12,Orthopedics,33,45,20,13,3,16.72
2026-09-12,Pediatrics,46,55,28,18,6,23.82
2026-09-12,Dermatology,28,40,17,11,0,14.91
2026-09-13,Cardiology,46,50,28,18,3,22.76
2026-09-13,General Medicine,55,70,33,22,6,13.9
2026-09-13,Orthopedics,46,45,28,18,8,18.14
2026-09-13,Pediatrics,44,55,26,18,5,14.84
2026-09-13,Dermatology,32,40,19,13,3,10.24
2026-09-14,Cardiology,50,50,30,20,3,18.52
2026-09-14,General Medicine,77,70,46,31,4,24.44
2026-09-14,Orthopedics,44,45,26,18,3,21.93
2026-09-14,Pediatrics,57,55,34,23,6,23.63
2026-09-14,Dermatology,38,40,23,15,2,15.74
2026-09-15,Cardiology,46,50,28,18,10,22.13
2026-09-15,General Medicine,63,70,38,25,2,19.45
2026-09-15,Orthopedics,48,45,29,19,5,20.57
2026-09-15,Pediatrics,54,55,32,22,5,19.89
2026-09-15,Dermatology,29,40,17,12,2,11.95
2026-09-16,Cardiology,51,50,31,20,10,21.5
2026-09-16,General Medicine,68,70,41,27,7,20.88
2026-09-16,Orthopedics,47,45,28,19,5,27.06
2026-09-16,Pediatrics,49,55,29,20,5,15.04
2026-09-16,Dermatology,43,40,26,17,2,20.25
2026-09-17,Cardiology,49,50,29,20,6,22.36
2026-09-17,General Medicine,64,70,38,26,5,16.16
2026-09-17,Orthopedics,39,45,23,16,3,16.41
2026-09-17,Pediatrics,67,55,40,27,6,20.23
2026-09-17,Dermatology,37,40,22,15,5,24.77
2026-09-18,Cardiology,42,50,25,17,0,22.41
2026-09-18,General Medicine,72,70,43,29,4,22.18
2026-09-18,Orthopedics,32,45,19,13,3,15.21
2026-09-18,Pediatrics,60,55,36,24,3,22.08
2026-09-18,Dermatology,35,40,21,14,3,14.81
2026-09-19,Cardiology,40,50,24,16,1,17.95
2026-09-19,General Medicine,66,70,40,26,5,18.97
2026-09-19,Orthopedics,30,45,18,12,2,13.18
2026-09-19,Pediatrics,60,55,36,24,3,26.21
2026-09-19,Dermatology,37,40,22,15,4,23.78
2026-09-20,Cardiology,44,50,26,18,4,17.44
2026-09-20,General Medicine,68,70,41,27,8,17.55
2026-09-20,Orthopedics,31,45,19,12,2,11.38
2026-09-20,Pediatrics,47,55,28,19,6,15.72
2026-09-20,Dermatology,32,40,19,13,3,18.55
2026-09-21,Cardiology,39,50,23,16,2,16.23
2026-09-21,General Medicine,76,70,46,30,5,16.08
2026-09-21,Orthopedics,48,45,29,19,3,17.76
2026-09-21,Pediatrics,52,55,31,21,4,17.09
2026-09-21,Dermatology,29,40,17,12,4,18.32
2026-09-22,Cardiology,53,50,32,21,2,20.6
2026-09-22,General Medicine,70,70,42,28,7,22.01
2026-09-22,Orthopedics,42,45,25,17,4,20.04
2026-09-22,Pediatrics,62,55,37,25,6,24.91
2026-09-22,Dermatology,41,40,25,16,6,21.73
2026-09-23,Cardiology,46,50,28,18,6,20.49
2026-09-23,General Medicine,68,70,41,27,4,20.32
2026-09-23,Orthopedics,48,45,29,19,4,22.27
2026-09-23,Pediatrics,64,55,38,26,7,23.84
2026-09-23,Dermatology,45,40,27,18,2,23.69
2026-09-24,Cardiology,59,50,35,24,4,21.06
2026-09-24,General Medicine,67,70,40,27,3,16.79
2026-09-24,Orthopedics,43,45,26,17,1,19.16
2026-09-24,Pediatrics,60,55,36,24,3,26.38
2026-09-24,Dermatology,43,40,26,17,6,19.53
2026-09-25,Cardiology,55,50,33,22,2,24.67
2026-09-25,General Medicine,71,70,43,28,7,16.76
2026-09-25,Orthopedics,41,45,25,16,4,15.38
2026-09-25,Pediatrics,58,55,35,23,2,23.64
2026-09-25,Dermatology,34,40,20,14,4,18.88
2026-09-26,Cardiology,39,50,23,16,4,16.38
2026-09-26,General Medicine,60,70,36,24,3,11.25
2026-09-26,Orthopedics,39,45,23,16,0,17.62
2026-09-26,Pediatrics,46,55,28,18,5,15.82
2026-09-26,Dermatology,31,40,19,12,4,16.51
2026-09-27,Cardiology,44,50,26,18,4,12.99
2026-09-27,General Medicine,66,70,40,26,7,15.81
2026-09-27,Orthopedics,36,45,22,14,3,15.6
2026-09-27,Pediatrics,49,55,29,20,7,21.06
2026-09-27,Dermatology,26,40,16,10,3,16.99
2026-09-28,Cardiology,52,50,31,21,6,26.84
2026-09-28,General Medicine,76,70,46,30,7,24.85
2026-09-28,Orthopedics,46,45,28,18,4,19.39
2026-09-28,Pediatrics,63,55,38,25,3,27.51
2026-09-28,Dermatology,43,40,26,17,1,22.6
2026-09-29,Cardiology,40,50,24,16,4,18.66
2026-09-29,General Medicine,67,70,40,27,6,25.01
2026-09-29,Orthopedics,43,45,26,17,1,23.56
2026-09-29,Pediatrics,65,55,39,26,5,26.67
2026-09-29,Dermatology,47,40,28,19,2,22.04
2026-09-30,Cardiology,57,50,34,23,8,24.49
2026-09-30,General Medicine,66,70,40,26,9,17.26
2026-09-30,Orthopedics,44,45,26,18,4,24.22
2026-09-30,Pediatrics,60,55,36,24,6,23.21
2026-09-30,Dermatology,41,40,25,16,4,12.91
